"employee_id","supervisor_id","full_name"
8,5,Kim Brunner
9,5,Brenda Blumberg
11,5,Jonathan Murraiin
12,5,Jewel Creek
13,5,Peggy Medina
14,5,Bryan Rutledge
15,5,Walter Cavestany
16,5,Peggy Planck
17,5,Brenda Marshall
18,4,Daniel Wolter
19,4,Dianne Collins
20,2,Beverly Baker
21,2,Pedro Castillo
22,2,Laurie Borges
23,20,Shauna Wyro
24,20,Jacqueline Wyllie
25,21,Lin Conley
26,21,Jose Bernard
27,21,Charles Macaluso
28,21,Lois Wood
29,22,Kevin Armstrong
30,22,Cody Goldey
31,22,Paula Nickell
32,22,Eric Long
33,22,Mary Solimena
34,22,Nathan Muenich
35,22,Ed Young
37,6,Jennifer Cooper
38,6,Peggy Petty
39,6,Jessica Olguin
40,6,Phyllis Burchett
41,36,Howard Bechard
42,36,Doris Carter
43,7,Juanita Sharp
44,7,Sandra Brunner
45,10,Ernest Staton
46,10,Rose Sims
47,10,Lauretta De Carlo
48,10,Mary Williams
49,10,Terri Burke
50,10,Audrey Osborn
51,10,Brian Binai
52,10,Concepcion Lozada
53,25,Paul Tays
54,53,Cheryl Thorton
55,53,Gary Dumin
56,53,Pat Chin
57,53,Zach Lovell
58,53,Dave Ratcliff
59,53,Elizabeth Moss
60,54,Lori Anderson
61,54,Michael Everson
62,54,Mary Borden
63,54,Sue Willson
64,55,Clayton Harris
65,55,Whitney Contreras
66,55,Boyd Pusedu
67,56,Cian Stedman
68,56,Michele Zocchi
69,56,Jean Walsh
70,54,Leopoldo Renfro
71,54,Donna Brockett
72,54,Laurie Anderson
73,54,Louis Gomez
74,55,Julie Walker
75,55,Jay Jones
76,55,Gayle Winfrey
77,56,Yasmina Brown
78,56,Joseph Touchstone
79,56,Mary Bakhtyari
80,54,Melvin Glass
81,54,Kristin Cohen
82,54,Susan Kharman
83,54,Gordon Kirschner
84,55,William Burger
85,55,Lana Blau
86,55,Donna Derby
87,56,Kathleen Thomson
88,56,Gabriel Walton
89,56,Bishop Meastas
90,54,Geneva Kouba
91,54,Tricia Clark
92,54,Debi Munn
93,54,Patricia Goldberg
94,55,Susan Magenheim
95,55,Nancy Hance
96,55,Rhonda Mehlert
97,56,Paula Duran
98,56,Margaret Earley
99,56,Elizabeth Horne
100,26,Mary Hunt
101,100,Libby Allen
102,100,Bonnie Bruno
103,100,Angela Bowers
104,100,Donald Gonzales
105,100,Sylvester Valdez
106,100,John Stewart
107,101,Barney Velasquez
108,101,Kenneth Dubois
109,101,Kate Maestas
110,101,Josie Underwood
111,102,Ramon Strain
112,102,Pat Azari
113,102,Bob Dabit
114,102,Marty Carmona
115,103,Gina Saxton
116,103,Juan McLaughlin
117,103,Carol Eyster
118,103,Nancy Henry
119,101,Chris Barros
120,101,Christopher Groome
121,101,Anna Hill
122,101,Ramon Williams
123,101,Scott Masters
124,102,"Joseph Brady, Jr."
125,102,Ellen Gray
126,102,Henry Fielder
127,102,Jeanine Finnell
128,102,Ian Schuetz
129,103,Richard Runyon
130,103,Linda Potter
131,103,Mary Smith
132,103,Barbara Brumagen
133,103,Thelma Hamilton
134,101,Shirley Wilbert
135,101,Jeremy Ingram
136,101,Sharon Haddix
137,101,Leland Thomas
138,102,Don Wilson
139,102,Wayne Stovall
140,102,Douglas Russell
141,102,Maureen Doose
142,103,Ann Morreale
143,103,Sheila Rupert
144,103,Ashley Pierson
145,103,Ivan Nickels
146,101,Chad Neuhauser
147,101,Ann Coke
148,101,Jon Scarbrough
149,101,Lillian Martensen
150,101,Mary McCormick
151,102,James Sparacino
152,102,John Racette
153,102,Edwardo Thompson
154,102,Sam Warren
2,0,Derrick Whelply
155,102,Shelby Chow-Wang
156,103,Nelly Wood
157,103,Jackie Morgan
158,103,Gavin Boje
159,103,Marlene Tsujimoto
160,103,RitaIva Bouton
161,28,Dell Gras
162,161,Christopher Solano
163,161,George Armstrong
164,161,Kristine Aldred
165,161,Tom Jorgenson
166,161,Dana Turner
167,161,Terry Zakerski
168,162,David Carlson
169,162,Linda Symons
170,162,Louis Reynolds
171,162,Maureen Ibsen
172,163,Virginia Ciochon
173,163,Steve Berger
174,163,James Bayol
175,163,Meredith Thumann
176,164,Julie Jones
177,164,Janet Bury
178,164,Onita Bevan
179,164,Mary Monarco
180,162,Vicky Zingarelli
181,162,Helen Valentine
182,162,Carol Scheulen
183,162,Virgie Koon
184,162,Sarah Amole
185,163,Cecil Hill
186,163,Ruth Tate
187,163,Larry Schnurr
188,163,Jerry Sutton
189,163,Kevin Mlincek
190,164,Edward Tucker
191,164,Kenton Forham
192,164,Brittany Malik
193,164,Jeannette Eldridge
194,164,Terry Anderson
195,162,Loni Sosa
196,162,Marie Mann
197,162,Michael Prater
198,162,Karen Ansaldo
199,163,Lance Caijem
200,163,Pamela Yates
201,163,Iwona Turner
202,163,Mary Fulcher
203,164,Raymond Berg
204,164,Ramona Lopez
205,164,Helen Valdivia
206,164,Beverly Cardoza
207,162,Mary Hall
208,162,Rachel Minarick
209,162,Dorine Los Olmos
210,162,Dave Garner
211,162,Lois Leong
212,163,Larasa Tate
213,163,David Watson
214,163,James Frank
215,163,Alfredo Wood
216,163,Dorothy Baird
217,164,George Jans
218,164,Bernadine Garrison
219,164,Sam Zeller
220,164,Dorothy Ace
221,164,Adria Trujillo
222,23,Bunny McCown
223,222,Nancy Miller
224,222,Wanda Hollar
225,27,Barbara Wallin
226,225,Michael Bruha
227,225,Michael Suggs
228,225,Kenneth Turner
229,225,Lois Griffin
230,225,Robert Guardamondo
231,225,Bryan West
232,226,Vicki Welsh
233,226,Harvey McCollum
234,226,Mary Cramer
235,226,Linda Fike
236,227,Sam Adair
237,227,Jerry Kolosso
238,227,Todd Carpenter
239,227,Lisa Watkins
240,228,Kevin Barrera
241,228,Maria Price
242,228,Flossie Rosemont
243,228,Betty McMenama
244,226,Max Lyons
245,226,Christine Sandy Kurtz
246,226,Rita Santry
247,226,Catherine Quigle
248,226,Patricia Christensen
249,227,Anne Mercurio
250,227,Louis McGrath
251,227,Rachael Wright
252,227,Richard Skuce
253,227,George Coleman
254,228,Lois Barnes
255,228,Jacky Camille
256,228,Michelle Allenbach
257,228,Franklin Smith
258,228,John Minker
259,226,Sarah Jimenez
260,226,Darwin Malaby
261,226,Pamela Caldwell
262,226,Roger Tinder
263,227,Joseph Kropff
264,227,Mimi Worsham
265,227,Ruth Bernal
266,227,Yolanda Zimmerman
267,228,Sandra Evans
268,228,Virginia Bowman
269,228,Mary Coleman
270,228,Kevin Chrisulis
271,226,Lee Whitcomb
272,226,Brian Turcios
273,226,Jennifer Confetti
274,226,Geneva Takemura
275,226,Lynn Campbell
276,227,Nina Smith
277,227,Darrell Vuong
278,227,Eric Abbott
279,227,Doris Liff
280,227,John Steinberg
281,228,Jerry Megel
282,228,John Styles
283,228,Shirley Head
284,228,James Story
285,228,Jean Boone
286,24,Ralph Mccoy
287,286,Anne Tuck
288,286,Joy Sincich
289,286,Bertha Jameson
290,286,Charles Sanchez
291,286,Wanda Parks
292,286,Nathan Vij
293,287,Corinne Zugschwert
294,287,Michelle Adams
295,287,Donahue Steen
296,287,John Baker
297,287,Keith Pearl
298,288,Sarah Roundtree
299,288,Lawrence Bollin
300,288,Fred Hopkins
301,288,Caroline Vicknair
302,288,Nancy McPhearson
303,289,Anna Albright
304,289,Phyllis Thomas
305,289,Tina Perko
306,289,Jane McCarty
307,289,Scot Bent
308,287,Pat Chambers
309,287,Stanley Bellifa
310,287,Samuel Johnson
311,287,Janice Vrins
312,287,Christinia Mcdonald
313,287,Ole Weldon
314,288,Ruth Choin
315,288,Sharon Crow
316,288,Robert Avalos
317,288,Eric Jacobsen
318,288,Pamela Castro
319,288,Sylvia Caldwell
320,289,Russell Reed
321,289,Victor Kelley
322,289,Damon Taylor
323,289,Rebecca Robinson
324,289,Andrea Thomsen
325,289,Douglas Baldwin
326,287,Ian Yuhasz
327,287,Jovita Carmody
328,287,Lynn Gonzales
329,287,Phyllis Allen
330,287,Johnny Caprio
331,288,Lanna Slaven
332,288,Fred Ortiz
333,288,John Beaver
334,288,Albert Rhodes
335,288,Scott Kaffer
336,289,Jennifer Bales
337,289,Louis Stotka
338,289,Sandra Maynard
339,289,Gracia Tuell
340,289,Timothy Burnett
341,287,James Haugh
342,287,Paula Moberly
343,287,Eric Meyer
344,287,Gloria Orona
345,287,Ruth Warmack
346,287,Joanna Wall
347,288,Sabria Appelbaum
348,288,Jeffrey Kung
349,288,Gloria Wilson
350,288,Phyllis Tuffield
351,288,Patricia Ping
352,288,David Shepard
353,289,James Bailey
354,289,Susan Chestnut
355,289,Delia Toone
356,289,Thomas Armstrong
357,289,Mary Billstrom
358,289,Robert Stotka
359,29,Danielle Johnson
360,359,Bonnie Lepro
361,359,Carol Elliott
362,30,Shanay Steelman
363,362,Frances Adams
364,362,Alma Poorbaugh
365,362,Neal Hasty
366,362,Steven Betsekas
367,362,Arvid Ziegler
368,362,Ann Weyerhaeuser
369,363,Dorothy Robinson
370,363,June Brunner
371,363,Judith Frazier
372,363,Michelle Rector
373,364,Mari Caldwell
374,364,Linda Gonzales
375,364,Alan Monitor
376,364,Elsie Lewin
377,365,Bev Desalvo
378,365,Oscar Alpuerto
379,365,Cecelia Marshall
380,365,Gabriel Bockenkamp
381,363,Alice Kesterson
382,363,J. Phillip Alexander
383,363,R. Morgan Mendoza
384,363,Pam Herrick
385,363,James McCoy
386,364,Rossane Thoreson
387,364,Victoria Snowden
388,364,Donald Blanton
389,364,Cornett Gibbens
390,364,Paul Alcorn
391,365,Virginia Miller
392,365,Henry Campen
393,365,Connie Coffman
394,365,Jared Bustamante
395,365,Carla Eldridge
396,363,Barbara Sipsy
397,363,Dorothy Weimer
398,363,Richard Irwin
399,363,Alma Son
400,364,Cornelius Brandon
401,364,Monica Quintana
402,364,John Colon
403,364,Brenda Barlow
404,365,Ronald Adina
405,365,Michael Bohling
406,365,Sam Wheeler
407,365,Abraham Swearengin
408,363,David Givens
409,363,Glenna Beanston
410,363,Dirk Bruno
411,363,Alexander Berger
412,363,Marcia Sultan
413,364,Martin Svoboda
414,364,Mary Tullao
415,364,Irene Hernandez
416,364,Jay Saxema Wilkie
417,364,Sean Lunt
418,365,Paul Fulton
419,365,Rudolph Dillon
420,365,Matthew Miller
421,365,Vassar Stern
422,365,Ruth Suffin
423,31,Kristine Cleary
424,423,Jaunita Homax
425,423,Margaret Adams
426,423,Carla Zubaty
427,423,Tammy Khan
428,423,David Brinkd
429,423,James Clark
430,424,Helen Dennis
431,424,Eric Brumfield
432,424,Madalena Sanchez
433,424,Gary Suess
434,425,Glenn Trach
435,425,Cynthia White
436,425,Walter Brian
437,425,Christie Trujillo
438,426,Lili Alameda
439,426,Dorothy Fox
440,426,Aldeen Gallagher
441,426,Dorothy Myer
442,424,David Byrnes
443,424,Justine Ryan
444,424,Forrest Chand
445,424,Margaret Vanderkamp
446,424,Rosmarie Carroll
447,425,Dorothy Contreras
448,425,Joseph Cantoni
449,425,Celine Reed
450,425,Glin Peterson
451,425,Stephen Osborn
452,426,Lowell Graham.
453,426,Jamie Shaddy
454,426,Hattie Haemon
455,426,Jame Krow
456,426,Shane Belli
457,424,Ethel Porter
458,424,Gloria Lesko
459,424,Michael Worland
460,424,Alvin Torre
461,425,Susan Ramos
462,425,Jill Christie
463,425,Juanita Zocchi
464,425,Sandra Altamirano
465,426,Edna Benson
466,426,Alexander Deborde
467,426,Barbara Calone
468,426,Cheryl Pompa
469,424,Doris Traube
470,424,Cathy Sloan
471,424,Homer Villa
472,424,Deena Herman
473,424,Leota Roberts
474,425,John Mc Clane
475,425,Jennifer Maxham
476,425,Elizabeth Sullivan
477,425,Irene Watada
478,425,Constance Rhiger
479,426,Rhoda Finley
480,426,Kathleen Winter
481,426,Carla Adams
482,426,Vanessa Tench
483,426,Carol Brink
484,32,Adam Reynolds
485,484,Constance Posner
486,484,William Hapke
487,484,Joshua Huff
488,484,Carolee Brown
489,484,Frances Giglio
490,484,Irma Sherwood
491,485,Benjamin Becker
492,485,Chad Tedford
493,485,Luke Roy
494,485,Jean Holloway
495,486,Olga Trau
496,486,Steve Carnes
497,486,Betty Potts
498,486,Edward Kozlowski
499,487,Sharon Looney
500,487,Patrick Magenheimer
501,487,Sue Hofsetz
502,487,Janet Gilliat
503,485,Charlene Wojcik
504,485,Eunice Wolf
505,485,Kelly Whitworth
506,485,Judy Thames
507,485,Pearlie Rusek
508,486,Peggy Justice
509,486,William Conner
510,486,Ciro Bauer
511,486,Takiko Collins
512,486,Leonard Smith
513,487,Lenore Yasi
514,487,Lester Bowman
515,487,Barbara Germanson
516,487,Mary Smith
517,487,Alice Serventi
518,485,Lee Chapla
519,485,DeeDee Cameron
520,485,Jo Zgeirmann
521,485,William Mondragon
522,486,Cecil Allison
523,486,Nieves Vargas
524,486,Helen Vlass
525,486,Abigail Gonzalez
526,487,Denean Ison
527,487,Billy Trent
528,487,Mary Vaca
529,487,Kyley Arbelaez
530,485,Michael Lee
531,485,Walter Maes
532,485,Ramona Antrim
533,485,Liam Friedland
534,485,Charles Strange
535,486,William Richter
536,486,Maxwell Amland
537,486,Z . T.  Milton Albury
538,486,Marie Richmeier
539,486,Jodan Jacobson
540,487,David Bartness
541,487,Teanna Cobb
542,487,M. E. Joseph Lique
543,487,Robert Bernacchi
544,487,Patricia Zubaty
545,33,Matthew Hunter
546,545,Florence Vonholt
547,545,Eddie Holmes
548,545,Gerald Drury
549,545,Kristin Watts
550,545,Carlos Short
551,545,Robin Mc Guigan
552,546,Dorothy Wollesen
553,546,Marjorie Lee
554,546,Mary Gimmi
555,546,Milton Pugh
556,546,John Bennetts
557,547,Caroline Woodard
558,547,Tomas Manzanares
559,547,Kayla Stotler
560,547,Elizabeth Peoples
561,547,Mike Choi
562,548,Mary Lou Quintana
563,548,Christopher Bright
564,548,Scott Rodgers
565,548,Janet Gates
566,548,Darren Watkins
567,546,Charles Christensen
568,546,Darrell Banks
569,546,Carlton Carlisle
570,546,Abe Tramel
571,546,Jose Curry
572,546,Betty Haines
573,547,Deborah Campbell
574,547,Catherine Whitney
575,547,Neva Mitchell
576,547,Cindy Dodd
577,547,Stacey Cereghino
578,547,Helen Meyer
579,548,Olga Stevens
580,548,Joan Campbell
581,548,Silvia Walker
582,548,Mosha Pasumansky
583,548,Shawn Whitney
584,548,Lloyd Saunders
585,546,Rose Vandenouer
586,546,Eric Vincenzi
587,546,Cheryl Herring
588,546,Kathleen Garza
589,546,Gail Westover
590,547,Matthew Hagemann
591,547,Patricia Vasquez
592,547,Lola McCarthy
593,547,Phillip Bacalzo
594,547,Marian Berch
595,548,Mike Taylor
596,548,Vivian Whipple
597,548,Cecilia Laursen
598,548,Lee Olguin
599,548,Stephen Ayers
600,546,Pamala Kotc
601,546,Marlin Coriell
602,546,Clay Warthen
603,546,Greg Johnson
604,546,George Huckaby
605,546,Faith Gustafson
606,547,Donald Thompson
607,547,Valentina Hendricks
608,547,Mae Black
609,547,Carlos Vansant
610,547,Richard Bentley
611,547,Thomas Ritacco
612,548,Karen Theisen
613,548,John Berger
614,548,Joy Koski
615,548,Duane Fitzgerald
616,548,Lindsey Camacho
617,548,Selena Alvarado
618,34,Dick Brummer
619,618,Pat Pinkston
620,618,Kristin Spivey
621,35,Gregory Whiting
622,621,Martha Espinoza
623,621,David Robinett
624,621,Judy Lundahl
625,622,Shawn Demicell
626,622,Linda Rousey
627,621,Kathy Marcovecchio
628,621,Twanna Evans
629,622,Judy Storjohann
630,622,Denise Maccietto
631,621,Deanna Buskirk
632,621,Mary Kesslep
633,622,Barbara Schultz
634,622,Kris Bergin
635,621,Merrill Steel
636,621,Melissa Marple
637,622,Ann Evans
638,622,Shirley Bruner
639,18,Michael John Troyer
640,639,Mary Sandidge
641,639,Monk Skonnard
642,639,Christopher Beck
643,639,Catherine Abel
644,639,Emilo Miller
645,639,Hazel Walker
646,640,John Brooks
647,640,Todd Logan
648,640,Joshua Several
649,640,James Thomas
650,640,Robert Vessa
651,641,James Tran
652,641,Shelley Crow
653,641,Anne Sims
654,641,Clarence Tatman
655,641,Jan Nelsen
656,642,Jeanette Cole
657,642,Phyllis Huntsman
658,642,Hannah Arakawa
659,642,Wathalee Steuber
660,642,Pamela Cox
661,640,Bronson Jacobs
662,640,Rebecca Barley
663,640,Emilio Alvaro
664,640,Becky Waters
665,640,A. Joyce Jarvis
666,640,Ruby Sue Styles
667,641,Jeanie Glenn
668,641,Peggy Smith
669,641,Tish Duff
670,641,Anita Lucero
671,641,Stephen Burton
672,641,Amy Consentino
673,642,Helen Lutes
674,642,Linda Ecoffey
675,642,Katherine Swint
676,642,Dianne Slattengren
677,642,Ronald Heymsfield
678,642,Steven Whitehead
679,640,Lisa Roy
680,640,Ingrid Burkhardt
681,640,Todd Whitney
682,640,Barbara Wisnewski
683,640,Karren Burkhardt
684,641,Stacie Mcanich
685,641,Mary Browning
686,641,Alexandra Wellington
687,641,Cory Bacugalupi
688,641,Stacy Rizzi
689,642,William Sotelo
690,642,Beth Stanley
691,642,Jill Markwood
692,642,Mildred Valentine
693,642,Suzann Reams
694,640,John Long
695,640,Edwin Olenzek
696,640,Jessie Valerio
697,640,Robert Ahlering
698,640,Megan Burke
699,640,Karel Bates
700,641,Mike White
701,641,Marty Simpson
702,641,Robert Jones
703,641,Raul Casts
704,641,Bridget Browqett
705,641,Kay Kartz
706,642,Audrey Wold
707,642,Susan French
708,642,Trish Pederson
709,642,Eric Renn
710,642,Elizabeth Catalano
711,642,Eric Coleman
712,19,Lawrence Hurkett
713,712,Sara Pettengill
714,712,Jauna Elson
715,712,Nancy Hirota
716,713,Linda Blasingame
717,713,Jackie Blackwell
718,712,Marie Moya
719,712,Nicky Chesnut
720,713,John Ortiz
721,713,Stacey Tearpak
722,712,Karen Hall
723,712,Greg Narberes
724,713,Fannye Weber
725,713,Diane Kabbes
726,712,Anna Townsend
727,712,Carol Ann Rockne
728,713,Brenda Heaney
729,713,Judith Karavites
730,8,Donna Carreras
731,730,Gladys Mendiola
732,730,David Trolen
733,730,Wanda Vernon
734,731,Sharon Lynn
735,731,Brigid Cavendish
736,730,Alberto Baltazar
737,730,Onetha Higgs
738,731,Della Demott Jr
739,731,Jane Carmichael
740,730,Hillaine Montera
741,730,Gina Ciochon
742,731,Mae Anderson
743,731,Marvin Allen
744,730,Chris Bidelman
745,730,Orlando Gee
746,731,Sara Breer
747,731,Norma Barrera
748,9,Wayne Banack
749,748,Jacob Dean
750,748,Kendra Thompson
751,748,Liza Marie Stevens
752,748,Megan Davis
753,748,Kerry Westgaard
754,748,Samuel Agcaoili
755,749,Deanna Sabella
756,749,Kara Vanderlinden
757,749,Keith Virden
758,749,Sylvia Spencer
759,749,Joseph Castellucio
760,750,Judy Zugelder
761,750,Kimberly Malmendier
762,750,Geri Farrell
763,750,John Ault
764,750,Fran Highfill
765,751,Julie Waggoner
766,751,Julie Estes
767,751,Vivian Jarmillo
768,751,Joan Steele
769,751,Daniel Thompson
770,749,Curtis Howard
771,749,Shannon Elliott
772,749,Andrew Kobylinski
773,749,Dora Verdad
774,749,Dave Browning
775,749,Robert Lyeba
776,750,Jean Handley
777,750,Gary Meyerhoff
778,750,Shane Vigil
779,750,Dominic Gash
780,750,Jane Greer
781,750,Payton Benson
782,751,Joseph Mitzner
783,751,Willie Brooks
784,751,Ann Hass
785,751,Amir Netz
786,751,Geneva Hill
787,751,Gary Drury
788,749,Vincent White
789,749,Sandra Kahl
790,749,James Aguilar
791,749,Gregory Vanderbout
792,749,Filomena Visser
793,750,Thomas Sanchez
794,750,Geraldine Spicer
795,750,Nellie Medina
796,750,Richard Young
797,750,Margaret Krupka
798,751,Edward Buensalido
799,751,John Donovan
800,751,Roberto Smith
801,751,Josef Gentile
802,751,Sarah Tancredy
803,749,Shelly Wilson
804,749,Sean Leri
805,749,Mike Carr
806,749,Steven Zobairi
807,749,Aaron Zimmerman
808,749,John Sherfy
809,750,Albert Behnke
810,750,Taylor Tu
811,750,W. Harris
812,750,Cheryl Faubert
813,750,Margurite Bonilla
814,750,Mary Hirschboeck
815,751,Jason VanHarn
816,751,Joyce Steffen
817,751,Carol Flynn
818,751,Ellis Richardson
819,751,James Brew
820,751,Nadine Cook
821,11,James Thompson
822,821,Rodney Gentry
823,821,Lillian Heckman
824,821,Donald Reasoner
825,821,Melissa Wheeler
826,821,Samantha Weller
827,821,Ian Bloomberg
828,822,Merav Netz
829,822,Maria Green
830,822,Virginia Bobbitt
831,822,Stanley Boston
832,823,Matthew Barry
833,823,Scott Chang
834,823,Melvin Carreras
835,823,Karlyn Burtis
836,824,Daniel Sanders
837,824,Concetta Steinberg
838,824,William Viellieux
839,824,Ted Baugh
840,822,Josh Mullins
841,822,Catherine Maes
842,822,Renee Trujillo
843,822,Isabel Barrington
844,822,Donna Zuluaga
845,823,Parker Abo
846,823,Jacob Azzolino
847,823,Grant Archuleta
848,823,Melvin Campos
849,823,Gary Unfried
850,824,Roberta Bozeman
851,824,Jeremy Kassab
852,824,Phyllis Enlow
853,824,Gene Lee
854,824,Linda Skapinok
855,822,Maria Marsden
856,822,Jeffrey Campbell
857,822,Leonardo Roberts
858,822,Kathy Larkin
859,823,Joan Bitler
860,823,Jim Allen
861,823,Ella Worth
862,823,Ivan Mauro
863,824,Sharon Stroh
864,824,Karen Theriault
865,824,Julia Ketterman
866,824,Rose Beavers
867,822,John Dephillipo
868,822,Nellie Orando
869,822,Norman Troxell
870,822,Patrick Gabbard
871,822,Ted Lebaron
872,823,Medra Hill
873,823,Michael Butcher
874,823,Amy Taurman
875,823,Lillie Rachak
876,823,Loy Caro
877,824,Beverly Robertson
878,824,Margaret Potter
879,824,Maya Holmes
880,824,Ryan Crouch
881,824,Jason Henderson
882,12,Leda Witte
883,882,Harold Bauer
884,882,Joseph Thompson
885,13,Roberta Sturgel
886,885,Norman Gambao
887,885,Dorothy Snow
888,885,Julia Vaughn
889,885,Jack Baccus
890,885,Christopher Smith
891,885,Josephine Joanne A Potter
892,886,Lisa Gerber
893,886,Deanne Vanderslice
894,886,Kathy Wood
895,886,Howard Bostwick
896,887,Lavona Corcoran
897,887,Dixie Good
898,887,Andrew Grosvenor
899,887,Nancy Smrha
900,888,Robert Wright
901,888,Kenneth Kalman
902,888,Greg Ponce
903,888,Chad Borrelli
904,886,Eddie Gillmore
905,886,Hazel Mixon
906,886,John Tommerup
907,886,Emilio Martinez
908,886,Michael Glancy
909,887,M. Cappa
910,887,Jonathan Netz
911,887,Teresa Blanc
912,887,William Collins
913,887,Lou Scroggins
914,888,Hazel Marsh
915,888,Mildred Robinson
916,888,Susan Cox
917,888,Janine Clare
918,888,James Barnurn
919,886,Dorothy Chrisman
920,886,Walter Taryle
921,886,Herve Spencer
922,886,Christopher Tribble
923,887,Nick Skapinok
924,887,Janice Belleci
925,887,Ila Armstrong
926,887,Millard Koeber
927,888,Jacquelyn Wagner
928,888,Rosalina Noice
929,888,Sharon Lindall
930,888,Charles Noakes
931,886,Susan Mc Nair
932,886,Wilfred Ceballos
933,886,Georgia Landrum
934,886,Niki Netz
935,886,Carol Amyotte
936,887,Brian Watson
937,887,Mary Waddle
938,887,Alice Shintani
939,887,Prudence Chavez
940,887,John Wilson
941,888,William Gill
942,888,Beverly Smallwood
943,888,David Chavez
944,888,Deborah Blackburn
945,888,Donald Abston
946,14,J. Scott Blauvelt
947,946,Curtis Wardley
948,946,Matthew Durocher
949,946,Hazel Terbush
950,946,Arturo Poisson
951,946,Shaharia Cosby
952,946,Amir Oss
953,947,John Smith
954,947,Christel Christensen
955,947,Valerie Pectol
956,947,Cornelius Baker
957,947,Fay Finke
958,948,Allison Beutel
959,948,Ann Duvalle
960,948,Kari Sloper
961,948,Patricia Weinzimmer
962,948,Raven Moore
963,949,Susan Chaw
964,949,Steve Reitzel
965,949,Edie Horbach
966,949,Lois Knobel
967,949,Rachel Hope
968,947,Pete Fisher
969,947,Ida Dabit
970,947,Shawn Turner
971,947,Mike Clark
972,947,Arlene Schimanski
973,947,Carolyn Alumbaugh
974,948,Michael Benson
975,948,Ted Rusch
976,948,David Cocadiz
977,948,Lorraine Mcgough
978,948,Bennie King
979,948,Melissa Smith
980,949,M. Patricia Campbell
981,949,Selene Watson
982,949,Linda Anderson
983,949,Elisabeth Duncan
984,949,French Wilson
985,949,Mildred Morrow
986,947,Maeve Wall
987,947,Margaret Clendenen
988,947,Brian Willeford
989,947,Dominick Nutter
990,947,Stacey Case
991,948,Maria Terry
992,948,Claudette Cabrera
993,948,Ethan Bunosky
994,948,Richard Burke
995,948,Carol Lindsay
996,949,William Murphy
997,949,John Sweet
998,949,Elizabeth Jantzer
999,949,Beverly Dittmar
1000,949,Miggs Gutirrez
1001,947,Joan Carol
1002,947,Ida Holmes
1003,947,Lillian Chandler
1004,947,Marylou Burkett
1005,947,Melvin Drake
1006,947,Natalie Barber
1007,948,Eunice Richendollar
1008,948,Judy Caravello
1009,948,Marilyn Paulson
1010,948,James Trujillo
1011,948,M. Barajas
1012,948,Kara Ealey
1013,949,Frederick Pigman
1014,949,Ruth Minniear
1015,949,Macario Robinson
1016,949,Corrie Steger
1017,949,Rebecca Lindsey
1018,949,Dennis Larson
1019,15,Monita Heyer
1020,1019,Kim Clifford
1021,1019,Lucille Smith
1022,1019,Atallah Todd
1023,1019,Chris Batouche
1024,1019,Martha Marple
1025,1019,Blanche Griffin
1026,1020,Beverly Carrington
1027,1020,Kathy Vigil
1028,1020,Gary Gonzales
1029,1020,Catherine Starr
1030,1021,Steven Murphy
1031,1021,Harold Rinks
1032,1021,William Kroes
1033,1022,Andrea Shafer
1034,1022,Garrett Price
1035,1022,Betty Driscoll
1036,1020,Clara Morris
1037,1020,Kerry Price
1038,1020,Joyce Marez
1039,1020,Eleanor Wachterman
1040,1021,Jason Usnick
1041,1021,Mike Brown
1042,1021,Ronald Galich
1043,1022,Gayle Watson
1044,1022,Phyllis Ardell
1045,1022,Brian Nakauchi
1046,1020,Mabel Powers
1047,1020,Gregory Amburgey
1048,1020,Brian Johnston
1049,1020,Rama Hager
1050,1021,Daniel Posey
1051,1021,Ruth Dimon
1052,1021,Ryan Williams
1053,1022,Kiyo Fien
1054,1022,Brenda Stalker
1055,1022,Wei Fan
1056,1020,Thomas Kamas
1057,1020,Anthony Barr
1058,1020,Amy Petranoff
1059,1020,Marcia ONeill
1060,1021,Marilyn McDonald
1061,1021,Verla Walter
1062,1021,Jean McGuin
1063,1022,Gilbert Amper
1064,1022,Frances Hansen
1065,1022,Virginia Craycraft
1066,16,David Johnson
1067,1066,Marjorie Marlowe
1068,1066,Edward Ortiz
1069,1066,Michael Michaels
1070,1066,Barbara Obaugh
1071,1066,Brett Hammons
1072,1066,Donald Curl
1073,1067,Joyce Heth
1074,1067,Alice Salazar
1075,1067,Marcus Reardon
1076,1067,Glenn Chenault
1077,1067,Sandra Edwards
1078,1068,Beulah Sowards
1079,1068,Konie James
1080,1068,Hazel Coy
1081,1068,Merced Putinas
1082,1068,Marilyn Jasper
1083,1069,Carl Morris
1084,1069,Merceades Laudenslager
1085,1069,Robin Dominica
1086,1069,Jade Brandberry
1087,1069,Kathleen Henderson
1088,1067,John Williamson
1089,1067,Eugene Goodwater
1090,1067,Paula Tomlinson
1091,1067,Shauneen Springate
1092,1067,James Delhay
1093,1067,Linda Petrick
1094,1068,Bernard Maestas
1095,1068,Thomas Balchuck
1096,1068,Valerie Waller
1097,1068,Beatrice Barney
1098,1068,Emily Gerber
1099,1068,Darlyn Grayson
1100,1069,Rachel Purcell
1101,1069,Steve Eurich
1102,1069,Mary Pierson
1103,1069,Leo Jones
1104,1069,Nancy Beatty
1105,1069,Clara McNight
1106,1067,Marcella Isaacs
1107,1067,Charlotte Yonce
1108,1067,Benjamin Foster
1109,1067,John Reed
1110,1067,Lynn Kwiatkowski
1111,1068,Donald Vann
1112,1068,William Smith
1113,1068,Amy Hensley
1114,1068,Judy Owens
1115,1068,Frederick Castillo
1116,1069,Phil Munoz
1117,1069,Lori Lightfoot
1118,1069,Joyce Simmons
1119,1069,James Hays
1120,1069,Elizabeth Auintana
1121,1067,Luther Flanigan
1122,1067,Oleta Shanklin
1123,1067,Margaret Lewis
1124,1067,Chris King
1125,1067,Anna Frongillo
1126,1067,Sheila Stallings
1127,1068,Richard Yoshimura
1128,1068,Stacey Rowland
1129,1068,Daniel Balleo
1130,1068,Myrtle Maggard
1131,1068,Marin Bezic
1132,1068,Joan Staley
1133,1069,Troy Lipford
1134,1069,Johann Winternitz
1135,1069,Ruben Burns
1136,1069,Sepideh Cruz
1137,1069,Heather Geiermann
1138,1069,James Eichorn
1139,17,Jeanette Belsey
1140,1139,Mona Jaramillo
1141,1139,James Compagno
1142,1139,Hazel Souza
1143,1140,Ana Quick
1144,1140,Shirley Curtsinger
1145,1139,Michael Swartwood
1146,1139,Elizabeth Anderson
1147,1140,Jacqueline Cutwright
1148,1140,Sharon Bishop
1149,1139,Bertha Ciruli
1150,1139,Foster Detwiler
1151,1140,Burnis Biltoft
1152,1140,Barbara Younce
1153,1139,Gail Pirnie
1154,1139,Judy Doolittle
1155,1140,Vivian Burnham
1156,1140,Kris Stand
4,0,Michael Spence
5,0,Maya Gutierrez
6,0,Roberta Damstra
7,0,Rebecca Kanagaki
10,0,Darren Stanz
36,0,Donna Arnold
